<?xml version="1.0" encoding="iso-8859-1"?>
<root version="3.3" release="8|CoreRPG:4" integrity="c8e8126369f4ee38491caba44f64a22f8f14e15d">
	<item>
		<category name="MD001 Buried Council Chambers" baseicon="8" decalicon="13">
			<id-00001>
				<isidentified type="deleted" />
				<category name="MD001 Buried Council Chambers" baseicon="0" decalicon="0">
				</category>
			</id-00001>
			<id-00002>
				<isidentified type="deleted" />
				<category name="MD001 Buried Council Chambers" baseicon="0" decalicon="0">
				</category>
			</id-00002>
			<id-00003>
				<isidentified type="deleted" />
				<category name="MD001 Buried Council Chambers" baseicon="0" decalicon="0">
				</category>
			</id-00003>
			<id-00004>
				<isidentified type="deleted" />
				<category name="MD001 Buried Council Chambers" baseicon="0" decalicon="0">
				</category>
			</id-00004>
			<id-00005>
				<isidentified type="deleted" />
				<category name="MD001 Buried Council Chambers" baseicon="0" decalicon="0">
				</category>
			</id-00005>
			<id-00006>
				<isidentified type="deleted" />
				<category name="MD001 Buried Council Chambers" baseicon="0" decalicon="0">
				</category>
			</id-00006>
			<id-00007>
				<isidentified type="deleted" />
				<category name="MD001 Buried Council Chambers" baseicon="0" decalicon="0">
				</category>
			</id-00007>
			<id-00008>
				<isidentified type="deleted" />
				<category name="MD001 Buried Council Chambers" baseicon="0" decalicon="0">
				</category>
			</id-00008>
			<id-00009>
				<isidentified type="deleted" />
				<category name="MD001 Buried Council Chambers" baseicon="0" decalicon="0">
				</category>
			</id-00009>
			<id-00010>
				<isidentified type="deleted" />
			</id-00010>
			<id-00011>
				<isidentified type="deleted" />
			</id-00011>
			<id-00012>
				<isidentified type="deleted" />
				<category name="MD001 Buried Council Chambers" baseicon="0" decalicon="0">
				</category>
			</id-00012>
		</category>
	</item>
</root>
