<?xml version="1.0" encoding="iso-8859-1"?>
<modulestate version="3.3">
	<module name="3.5E Basic Rules">
		<allow />
	</module>
	<module name="3.5E Spells">
		<allow />
	</module>
	<module name="DD Basic Rules - Player">
		<allow />
	</module>
	<module name="DD Dungeon Masters Guide - Players">
		<allow />
	</module>
	<module name="DD Morfenkainen's Tome of Foes Players">
		<allow />
	</module>
	<module name="DD PHB Deluxe">
		<allow />
	</module>
	<module name="DD Xanathar's Guide to Everything Players">
		<allow />
	</module>
	<module name="DD5E SRD Data">
		<allow />
	</module>
	<module name="MD001 Buried Council Chambers">
		<loaded />
	</module>
	<module name="PFRPG Basic Rules">
		<allow />
	</module>
	<module name="PFRPG Spells">
		<allow />
	</module>
	<module name="Rise of the Runelords Chapter 1 Burnt Offerings">
		<allow />
	</module>
	<module name="Rise of the Runelords Chapter 2 The Skinsaw Murders">
		<allow />
	</module>
	<module name="Rise of the Runelords Chapter 3 The Hook Mountain Massacre">
		<loaded />
		<allow />
	</module>
	<module name="Rise of the Runelords Chapter 4 Fortress of the Stone Giants">
		<allow />
	</module>
	<module name="Rise of the Runelords Chapter 5 Sins of the Saviors">
		<allow />
	</module>
	<module name="Rise of the Runelords Chapter 6 Spires of Xin-Shalast">
		<allow />
	</module>
	<module name="Volos Guide to Monsters Players">
		<allow />
	</module>
	<module name="test">
		<loaded />
	</module>
</modulestate>
