{
  "name": "buried-council-chambers",
  "title": "buried council chambers",
  "description": "<p>FG_converter: Converted from Fantasy Grounds</p>",
  "version": "1.0.0",
  "minimumCoreVersion": "0.0.0",
  "compatibleCoreVersion": "1.0.0",
  "scripts": [],
  "esmodules": [],
  "styles": [],
  "packs": [],
  "languages": [],
  "authors": [],
  "keywords": [],
  "socket": false,
  "url": "",
  "manifest": "",
  "download": "",
  "license": "",
  "readme": "",
  "bugs": "",
  "changelog": "",
  "system": "dnd5e",
  "coreVersion": "0.7.9",
  "systemVersion": "1.2.3",
  "unavailable": false,
  "background": "",
  "nextSession": "1970-01-01T00:00:00.000Z",
  "availability": 0
}