<?xml version="1.0" encoding="iso-8859-1"?>
<root version="3.1" release="7|CoreRPG:3">
	<battle>
		<category name="" mergeid="" baseicon="8" decalicon="13">
			<id-00001>
				<cr type="string">6</cr>
				<exp type="number">2000</exp>
				<locked type="number">1</locked>
				<name type="string">3. Ghouls (east)</name>
				<npclist>
					<id-00001>
						<count type="number">10</count>
						<link type="windowreference">
							<class>npc</class>
							<recordname>npc.id-00001</recordname>
						</link>
						<maplink>
							<id-00001>
								<imageref type="windowreference">
									<class>imagewindow</class>
									<recordname>image.id-00002.image</recordname>
								</imageref>
								<imagex type="number">1548</imagex>
								<imagey type="number">483</imagey>
							</id-00001>
							<id-00003>
								<imageref type="windowreference">
									<class>imagewindow</class>
									<recordname>image.id-00002.image</recordname>
								</imageref>
								<imagex type="number">1623</imagex>
								<imagey type="number">483</imagey>
							</id-00003>
							<id-00004>
								<imageref type="windowreference">
									<class>imagewindow</class>
									<recordname>image.id-00002.image</recordname>
								</imageref>
								<imagex type="number">1698</imagex>
								<imagey type="number">483</imagey>
							</id-00004>
							<id-00005>
								<imageref type="windowreference">
									<class>imagewindow</class>
									<recordname>image.id-00002.image</recordname>
								</imageref>
								<imagex type="number">1698</imagex>
								<imagey type="number">408</imagey>
							</id-00005>
							<id-00006>
								<imageref type="windowreference">
									<class>imagewindow</class>
									<recordname>image.id-00002.image</recordname>
								</imageref>
								<imagex type="number">1698</imagex>
								<imagey type="number">333</imagey>
							</id-00006>
							<id-00007>
								<imageref type="windowreference">
									<class>imagewindow</class>
									<recordname>image.id-00002.image</recordname>
								</imageref>
								<imagex type="number">1623</imagex>
								<imagey type="number">333</imagey>
							</id-00007>
							<id-00008>
								<imageref type="windowreference">
									<class>imagewindow</class>
									<recordname>image.id-00002.image</recordname>
								</imageref>
								<imagex type="number">1548</imagex>
								<imagey type="number">408</imagey>
							</id-00008>
							<id-00009>
								<imageref type="windowreference">
									<class>imagewindow</class>
									<recordname>image.id-00002.image</recordname>
								</imageref>
								<imagex type="number">1698</imagex>
								<imagey type="number">558</imagey>
							</id-00009>
							<id-00010>
								<imageref type="windowreference">
									<class>imagewindow</class>
									<recordname>image.id-00002.image</recordname>
								</imageref>
								<imagex type="number">1473</imagex>
								<imagey type="number">333</imagey>
							</id-00010>
							<id-00011>
								<imageref type="windowreference">
									<class>imagewindow</class>
									<recordname>image.id-00002.image</recordname>
								</imageref>
								<imagex type="number">1548</imagex>
								<imagey type="number">333</imagey>
							</id-00011>
						</maplink>
						<name type="string">Ghoul</name>
						<token type="token">tokens\ghoul.png@DD5E SRD Bestiary</token>
					</id-00001>
				</npclist>
			</id-00001>
			<id-00002>
				<cr type="string">6</cr>
				<exp type="number">2000</exp>
				<locked type="number">1</locked>
				<name type="string">3. Ghouls (west)</name>
				<npclist>
					<id-00001>
						<count type="number">10</count>
						<link type="windowreference">
							<class>npc</class>
							<recordname>npc.id-00001</recordname>
						</link>
						<maplink>
							<id-00001>
								<imageref type="windowreference">
									<class>imagewindow</class>
									<recordname>image.id-00002.image</recordname>
								</imageref>
								<imagex type="number">648</imagex>
								<imagey type="number">333</imagey>
							</id-00001>
							<id-00003>
								<imageref type="windowreference">
									<class>imagewindow</class>
									<recordname>image.id-00002.image</recordname>
								</imageref>
								<imagex type="number">723</imagex>
								<imagey type="number">333</imagey>
							</id-00003>
							<id-00004>
								<imageref type="windowreference">
									<class>imagewindow</class>
									<recordname>image.id-00002.image</recordname>
								</imageref>
								<imagex type="number">798</imagex>
								<imagey type="number">333</imagey>
							</id-00004>
							<id-00005>
								<imageref type="windowreference">
									<class>imagewindow</class>
									<recordname>image.id-00002.image</recordname>
								</imageref>
								<imagex type="number">798</imagex>
								<imagey type="number">408</imagey>
							</id-00005>
							<id-00006>
								<imageref type="windowreference">
									<class>imagewindow</class>
									<recordname>image.id-00002.image</recordname>
								</imageref>
								<imagex type="number">648</imagex>
								<imagey type="number">408</imagey>
							</id-00006>
							<id-00007>
								<imageref type="windowreference">
									<class>imagewindow</class>
									<recordname>image.id-00002.image</recordname>
								</imageref>
								<imagex type="number">648</imagex>
								<imagey type="number">483</imagey>
							</id-00007>
							<id-00008>
								<imageref type="windowreference">
									<class>imagewindow</class>
									<recordname>image.id-00002.image</recordname>
								</imageref>
								<imagex type="number">723</imagex>
								<imagey type="number">483</imagey>
							</id-00008>
							<id-00009>
								<imageref type="windowreference">
									<class>imagewindow</class>
									<recordname>image.id-00002.image</recordname>
								</imageref>
								<imagex type="number">648</imagex>
								<imagey type="number">558</imagey>
							</id-00009>
							<id-00010>
								<imageref type="windowreference">
									<class>imagewindow</class>
									<recordname>image.id-00002.image</recordname>
								</imageref>
								<imagex type="number">873</imagex>
								<imagey type="number">333</imagey>
							</id-00010>
							<id-00011>
								<imageref type="windowreference">
									<class>imagewindow</class>
									<recordname>image.id-00002.image</recordname>
								</imageref>
								<imagex type="number">798</imagex>
								<imagey type="number">483</imagey>
							</id-00011>
						</maplink>
						<name type="string">Ghoul</name>
						<token type="token">tokens\ghoul.png@DD5E SRD Bestiary</token>
					</id-00001>
				</npclist>
			</id-00002>
			<id-00003>
				<cr type="string">2</cr>
				<exp type="number">450</exp>
				<locked type="number">1</locked>
				<name type="string">4. Minotaurs (east)</name>
				<npclist>
					<id-00002>
						<count type="number">1</count>
						<link type="windowreference">
							<class>npc</class>
							<recordname>npc.id-00003</recordname>
						</link>
						<maplink>
							<id-00001>
								<imageref type="windowreference">
									<class>imagewindow</class>
									<recordname>image.id-00002.image</recordname>
								</imageref>
								<imagex type="number">1511</imagex>
								<imagey type="number">971</imagey>
							</id-00001>
						</maplink>
						<name type="string">Minotaur Skeleton (longspear)</name>
						<token type="token">tokens\M.png@DD5E SRD Bestiary</token>
					</id-00002>
				</npclist>
			</id-00003>
			<id-00004>
				<cr type="string">2</cr>
				<exp type="number">450</exp>
				<locked type="number">1</locked>
				<name type="string">4. Minotaurs (west)</name>
				<npclist>
					<id-00001>
						<count type="number">1</count>
						<link type="windowreference">
							<class>npc</class>
							<recordname>npc.id-00002</recordname>
						</link>
						<maplink>
							<id-00001>
								<imageref type="windowreference">
									<class>imagewindow</class>
									<recordname>image.id-00002.image</recordname>
								</imageref>
								<imagex type="number">836</imagex>
								<imagey type="number">971</imagey>
							</id-00001>
						</maplink>
						<name type="string">Minotaur Skeleton</name>
						<token type="token">tokens\M.png@DD5E SRD Bestiary</token>
					</id-00001>
				</npclist>
			</id-00004>
		</category>
	</battle>
	<encounter>
		<category name="" mergeid="" baseicon="8" decalicon="13">
			<id-00001>
				<locked type="number">1</locked>
				<name type="string">(MD 001: Buried Council Chambers)</name>
				<text type="formattedtext">
					<h>Buried Council Chambers</h>
					<linklist>
						<link class="imagewindow" recordname="image.id-00001">Cover</link>
					</linklist>
					<p><i>An AdventureAWeek.com mini dungeon by Jonathan G. Nelson</i></p>
					<p><b>For 4-6 Characters Level 2-3</b></p>
					<p>OGL for this product available here: http://adventureaweek.com/ogl/</p>
					<p><i>5E conversion by Kyle Crider</i></p>
					<p><i>FG conversion by Maksim Kotelnikov</i></p>
					<linklist>
						<link class="imagewindow" recordname="image.id-00002">Dungeon Map (Player)</link>
						<link class="imagewindow" recordname="image.id-00003">Dungeon Map (DM)</link>
					</linklist>
					<p></p>
					<linklist>
						<link class="encounter" recordname="encounter.id-00002">1. Domed Chamber</link>
						<link class="encounter" recordname="encounter.id-00003">2. Secret Rooms</link>
						<link class="encounter" recordname="encounter.id-00004">3. Corners in the Hallway</link>
						<link class="encounter" recordname="encounter.id-00005">4. Guard Posts</link>
						<link class="encounter" recordname="encounter.id-00006">5. Fire Door</link>
						<link class="encounter" recordname="encounter.id-00007">6. Ice Door</link>
						<link class="encounter" recordname="encounter.id-00008">7. Warm Room</link>
						<link class="encounter" recordname="encounter.id-00009">8. Cold Room</link>
					</linklist>
				</text>
			</id-00001>
			<id-00002>
				<locked type="number">1</locked>
				<name type="string">1. Domed Chamber</name>
				<text type="formattedtext">
					<p>This beautiful domed room is lavishly painted, depicting scantily clad and naked humans floating in the clouds as if they are gods. These are actually the lifetime-elected politicians who previously ran the city (now buried underground) who over time came to think of themselves as more than mere citizens of the community.</p>
					<p>There are eight such people depicted and eight pillars in the room lined up with each piece of art. Each pillar has a name carved into it (clockwise starting with NE pillar): Devillium Thornston, Sanli Toublan, Jerei Gunstai, Talia Strongbow, Manchalan Gren, Zoolsteen, Balantor Thirdhouse, Harnth Bavornia. If a pillar is touched a <i>magic mouth</i> appears and asks a riddle.</p>
					<p><b><u>Riddles</u></b></p>
					<list>
						<li><i>Ripped from my mother's womb, Beaten and burned, I become a blood-thirsty slayer.</i> (Iron Ore)</li>
						<li><i>Thirty white horses on a red hill, First they champ, Then they stamp, Then they stand still.</i> (Teeth)</li>
						<li><i>One tooth to bite, he's the forests foe. One tooth to fight, as all Norse know.</i> (Axe)</li>
						<li><i>The root tops the trunk on this backward thing, that grows in the winter and dies in the spring.</i> (Icicle)</li>
						<li><i>A part of heaven, Though it touches the earth. Some say it's valuable, Others - no worth.</i> (Rainbow)</li>
						<li><i>This darksome burn, horseback brown, His rollock highroad roaring down, In coop and in comb the fleece of his foam, Flutes and low to the body falls home.</i> (Ale/Beer)</li>
						<li><i>A box without hinges, key, or lid, Yet golden treasure inside is hid.</i> (Egg/Orange)</li>
						<li><i>Alive without breath, As cold as death; Never thirsty, ever drinking, All in mail never clinking.</i> (Fish)</li>
					</list>
					<p>If a PC answers a riddle correctly, roll 1d8 on the following potion table</p>
					<linklist>
						<link class="table" recordname="tables.id-00001">Potion Table</link>
					</linklist>
					<p>The resulting potion(s) are magically generated in both secret rooms (marked 2 on the map). Each riddle can only be answered once regardless of whether the answer is correct or not.</p>
				</text>
			</id-00002>
			<id-00003>
				<locked type="number">1</locked>
				<name type="string">2. Secret Rooms</name>
				<text type="formattedtext">
					<p>These hidden rooms are detected with a <b>DC 20 Wisdom (Perception) check</b> or found with a <b>DC 15 Intelligence (Investigation) check</b> if the hallway is actively searched. Each room contains a wide array of outdoor clothing such as cloaks, capes, hats, gloves, and boots. One of the chambers has a pair of <i>boots of elvenkind</i> which blend in with the other mundane items.</p>
					<p>Depending upon the number of riddles answered in Room 1, various magic potions can be found in these rooms on shelves built into the back wall, partially hidden by the cloaks and other apparel (<b>DC 15 Intelligence (Investigation) check</b>).</p>
					<linklist>
						<link class="item" recordname="item.id-00009">Item: Boots of Elvenkind</link>
					</linklist>
				</text>
			</id-00003>
			<id-00004>
				<locked type="number">1</locked>
				<name type="string">3. Corners in the Hallway</name>
				<text type="formattedtext">
					<p>Each corner holds the remains of the people that once worked in this building, those that took refuge here during a traumatic event that inevitably killed them (asphyxiation). 2d4+2 of these corpses rise up as ghouls to attack the PCs as they approach. Each of the bodies has 1d4 gp, 2d4 sp, and 4d4+4 cp, but a <b>DC 15 Intelligence (Investigation) check</b> reveals a <i>pink rhomboid ioun stone</i> buried under the bodies in the eastern corridor.</p>
					<linklist>
						<link class="battle" recordname="battle.id-00001">Encounter: Ghouls (east)</link>
						<link class="battle" recordname="battle.id-00002">Encounter: Ghouls (west)</link>
						<link class="table" recordname="tables.id-00003">Treasure in Area 3 (east)</link>
						<link class="table" recordname="tables.id-00002">Treasure in Area 3 (west)</link>
					</linklist>
				</text>
			</id-00004>
			<id-00005>
				<locked type="number">1</locked>
				<name type="string">4. Guard Posts</name>
				<text type="formattedtext">
					<p>These former minotaur guardsmen have since risen as (2) minotaur skeletons (one wielding a +1 longspear) and wait in this room until the PCs either discover them or make a loud noise elsewhere in the building. In the latter case the undead march through the dungeon searching for the PCs.</p>
					<linklist>
						<link class="battle" recordname="battle.id-00003">Encounter: Minotaurs (east)</link>
						<link class="battle" recordname="battle.id-00004">Encounter: Minotaurs (west)</link>
						<link class="item" recordname="item.id-00010">Item: +1 Longspear</link>
					</linklist>
				</text>
			</id-00005>
			<id-00006>
				<locked type="number">1</locked>
				<name type="string">5. Fire Door</name>
				<text type="formattedtext">
					<frame>This door has a riddle etched into the wood: No legs have I to dance, No lungs have I to breathe, No life have I to live or die And yet I do all Three. What am I?</frame>
					<p>The answer is simple (fire), but a flame must be touched to the wood to cause the magical lock to lift, at which point the door opens automatically.</p>
				</text>
			</id-00006>
			<id-00007>
				<locked type="number">1</locked>
				<name type="string">6. Ice Door</name>
				<text type="formattedtext">
					<frame>This door has a riddle etched into the wood: A precious stone, as clear as diamond. Seek it out whilst the sun's near the horizon. Though you can walk on water with its power, Try to keep it, and it'll vanish within an hour.</frame>
					<p>Again, the answer is simple (ice), but ice in some form must be touched to the wood in order for the magical lock to lift, opening the door automatically.</p>
				</text>
			</id-00007>
			<id-00008>
				<locked type="number">1</locked>
				<name type="string">7. Warm Room</name>
				<text type="formattedtext">
					<p>This room is heated by a hypocaust, a heating system which makes the floor warm to the touch. The furnace below is magical and functions via a permanent <i>heat metal</i> spell. The rooms underneath are not accessible through normal means, the entrance being buried long ago. A desk in this room has a single locked drawer (<b>DC 10 Dexterity check</b> using thieves' tools) that contains a small key to a chest in Room 8.</p>
					<linklist>
						<link class="item" recordname="item.id-00011">item: Key From Warm Room</link>
					</linklist>
				</text>
			</id-00008>
			<id-00009>
				<locked type="number">1</locked>
				<name type="string">8. Cold Room</name>
				<text type="formattedtext">
					<p>This room is chilled by a permanently frozen water elemental trapped even longer than the undead occupants that roam these halls.</p>
					<p>Many foodstuffs were obviously kept here as many &#34;frozen- burnt&#34; cow heads and pig haunches are still intact. If the room is searched, a small wooden chest is found inside a frozen pig with a <b>DC 25 Intelligence (Investigation) check</b>. The chest is locked (<b>DC 20 Dexterity check</b> using thieves' tools to open) but there is a key for it within the desk in Room 7. it contains a very delicate item that shatters if the box is damaged: a <i>ring of the winterlands</i> made of ice that thaws within 1d10+5 minutes in any temperatures over 32&#176;F. If the ring is worn and kept within a cold environment it functions as boots of the winterlands.</p>
					<linklist>
						<link class="item" recordname="item.id-00012">Item: Ring of the Winterlands</link>
					</linklist>
				</text>
			</id-00009>
		</category>
	</encounter>
	<image>
		<category name="" mergeid="" baseicon="8" decalicon="13">
			<id-00001>
				<image type="image">
					<bitmap>FG-MD-5E-001.jpg</bitmap>
				</image>
				<name type="string">Cover</name>
			</id-00001>
			<id-00002>
				<image type="image">
					<bitmap>001-Player.jpg</bitmap>
					<gridsize>75</gridsize>
					<gridoffset>10,70</gridoffset>
					<shortcuts>
						<shortcut>
							<x>1172</x>
							<y>710</y>
							<class>encounter</class>
							<recordname>encounter.id-00002</recordname>
						</shortcut>
						<shortcut>
							<x>1022</x>
							<y>1084</y>
							<class>encounter</class>
							<recordname>encounter.id-00003</recordname>
						</shortcut>
						<shortcut>
							<x>1326</x>
							<y>1087</y>
							<class>encounter</class>
							<recordname>encounter.id-00003</recordname>
						</shortcut>
						<shortcut>
							<x>798</x>
							<y>482</y>
							<class>encounter</class>
							<recordname>encounter.id-00004</recordname>
						</shortcut>
						<shortcut>
							<x>1548</x>
							<y>480</y>
							<class>encounter</class>
							<recordname>encounter.id-00004</recordname>
						</shortcut>
						<shortcut>
							<x>838</x>
							<y>973</y>
							<class>encounter</class>
							<recordname>encounter.id-00005</recordname>
						</shortcut>
						<shortcut>
							<x>1513</x>
							<y>969</y>
							<class>encounter</class>
							<recordname>encounter.id-00005</recordname>
						</shortcut>
						<shortcut>
							<x>606</x>
							<y>709</y>
							<class>encounter</class>
							<recordname>encounter.id-00006</recordname>
						</shortcut>
						<shortcut>
							<x>237</x>
							<y>714</y>
							<class>encounter</class>
							<recordname>encounter.id-00008</recordname>
						</shortcut>
						<shortcut>
							<x>1745</x>
							<y>710</y>
							<class>encounter</class>
							<recordname>encounter.id-00007</recordname>
						</shortcut>
						<shortcut>
							<x>2113</x>
							<y>712</y>
							<class>encounter</class>
							<recordname>encounter.id-00009</recordname>
						</shortcut>
					</shortcuts>
					<tokens>
						<scalelock>2.13333</scalelock>
					</tokens>
				</image>
				<name type="string">Dungeon Map (Player)</name>
			</id-00002>
			<id-00003>
				<image type="image">
					<bitmap>001-DM.jpg</bitmap>
					<gridsize>75</gridsize>
					<gridoffset>10,70</gridoffset>
					<shortcuts>
						<shortcut>
							<x>1172</x>
							<y>710</y>
							<class>encounter</class>
							<recordname>encounter.id-00002</recordname>
						</shortcut>
						<shortcut>
							<x>1022</x>
							<y>1084</y>
							<class>encounter</class>
							<recordname>encounter.id-00003</recordname>
						</shortcut>
						<shortcut>
							<x>1326</x>
							<y>1087</y>
							<class>encounter</class>
							<recordname>encounter.id-00003</recordname>
						</shortcut>
						<shortcut>
							<x>798</x>
							<y>482</y>
							<class>encounter</class>
							<recordname>encounter.id-00004</recordname>
						</shortcut>
						<shortcut>
							<x>1548</x>
							<y>480</y>
							<class>encounter</class>
							<recordname>encounter.id-00004</recordname>
						</shortcut>
						<shortcut>
							<x>838</x>
							<y>973</y>
							<class>encounter</class>
							<recordname>encounter.id-00005</recordname>
						</shortcut>
						<shortcut>
							<x>1513</x>
							<y>969</y>
							<class>encounter</class>
							<recordname>encounter.id-00005</recordname>
						</shortcut>
						<shortcut>
							<x>606</x>
							<y>709</y>
							<class>encounter</class>
							<recordname>encounter.id-00006</recordname>
						</shortcut>
						<shortcut>
							<x>237</x>
							<y>714</y>
							<class>encounter</class>
							<recordname>encounter.id-00008</recordname>
						</shortcut>
						<shortcut>
							<x>1745</x>
							<y>710</y>
							<class>encounter</class>
							<recordname>encounter.id-00007</recordname>
						</shortcut>
						<shortcut>
							<x>2113</x>
							<y>712</y>
							<class>encounter</class>
							<recordname>encounter.id-00009</recordname>
						</shortcut>
					</shortcuts>
					<tokens>
						<scalelock>2.13333</scalelock>
					</tokens>
				</image>
				<name type="string">Dungeon Map (DM)</name>
			</id-00003>
		</category>
	</image>
	<item>
		<category name="" mergeid="" baseicon="8" decalicon="13">
			<id-00001>
				<ac type="number">0</ac>
				<bonus type="number">0</bonus>
				<cost type="string">38 gp</cost>
				<description type="formattedtext">
					<h>Description</h>
					<p>You regain 2d4 + 2 hit points when you drink this potion. The potion's red liquid glimmers when agitated.</p>
				</description>
				<isidentified type="number">1</isidentified>
				<istemplate type="number">0</istemplate>
				<locked type="number">1</locked>
				<name type="string">Potion of Healing</name>
				<nonid_name type="string">Potion</nonid_name>
				<nonidentified type="string">A vial of red liquid that shimmers when agitated.</nonidentified>
				<properties type="string">Magic</properties>
				<rarity type="string">Common</rarity>
				<spells>
					<id-00001>
						<link type="windowreference">
							<class></class>
							<recordname></recordname>
						</link>
						<name type="string">Potion of Healing</name>
					</id-00001>
					<id-00002>
						<link type="windowreference">
							<class></class>
							<recordname></recordname>
						</link>
						<name type="string">Potion</name>
					</id-00002>
				</spells>
				<type type="string">Potion</type>
				<weight type="number">0.5</weight>
			</id-00001>
			<id-00002>
				<ac type="number">0</ac>
				<bonus type="number">0</bonus>
				<cost type="string">2,001 gp</cost>
				<description type="formattedtext">
					<h>Description</h>
					<linklist>
						<link class="reference_spell" recordname="reference.spelldata.bless@*">Spell: Bless</link>
					</linklist>
					<p>For 1 hour after drinking it, you gain 10 temporary hit points that last for 1 hour. For the same duration, you are under the effect of the <i>bless </i>spell (no concentration required). This blue potion bubbles and steams as if boiling.</p>
				</description>
				<isidentified type="number">1</isidentified>
				<istemplate type="number">0</istemplate>
				<locked type="number">1</locked>
				<name type="string">Potion of Heroism</name>
				<nonid_name type="string">Potion</nonid_name>
				<nonidentified type="string">The blue liquid in this potion bubbles and steams as if boiling</nonidentified>
				<properties type="string">Magic</properties>
				<rarity type="string">Rare</rarity>
				<spells>
					<id-00001>
						<link type="windowreference">
							<class></class>
							<recordname></recordname>
						</link>
						<name type="string">Potion of Heroism</name>
					</id-00001>
					<id-00002>
						<link type="windowreference">
							<class></class>
							<recordname></recordname>
						</link>
						<name type="string">Potion</name>
					</id-00002>
				</spells>
				<type type="string">Potion</type>
				<weight type="number">0.5</weight>
			</id-00002>
			<id-00003>
				<ac type="number">0</ac>
				<bonus type="number">0</bonus>
				<cost type="string">11,156 gp</cost>
				<description type="formattedtext">
					<h>Description</h>
					<p>This clear, gelatinous oil sparkles with tiny, ultra thin silver shards. The oil can coat one slashing or piercing weapon or up to 5 pieces of slashing or piercing ammunition. Applying the oil takes 1 minute. For 1 hour, the coated item is magical and has a +3 bonus to attack and damage rolls.</p>
					<p><b>Oil Notes</b></p>
					<p>Oil usually comes in a clay flask that holds 1 pint. As an action, you can splash the oil in this flask onto a creature within 5 feet of you or throw it up to 20 feet, shattering it on impact. Make a ranged attack against a target creature or object, treating the oil as an improvised weapon. On a hit, the target is covered in oil. If the target takes any fire damage before the oil dries (after 1 minute), the target takes an additional 5 fire damage from the burning oil. You can also pour a flask of oil on the ground to cover a 5-foot-square area, provided that the surface is level. If lit, the oil burns for 2 rounds and deals 5 fire damage to any creature that enters the area or ends its turn in the area. A creature can take this damage only once per turn.</p>
				</description>
				<isidentified type="number">1</isidentified>
				<istemplate type="number">0</istemplate>
				<locked type="number">1</locked>
				<name type="string">Oil of Sharpness</name>
				<nonid_name type="string">Flask of Oil</nonid_name>
				<nonidentified type="string">The liquid in this flask is clear and gelatinous and sparkles with tiny, ultra thin silver shards.</nonidentified>
				<properties type="string">Magic</properties>
				<rarity type="string">Very Rare</rarity>
				<spells>
					<id-00001>
						<link type="windowreference">
							<class></class>
							<recordname></recordname>
						</link>
						<name type="string">Oil of Sharpness</name>
					</id-00001>
					<id-00002>
						<link type="windowreference">
							<class></class>
							<recordname></recordname>
						</link>
						<name type="string">Oil</name>
					</id-00002>
				</spells>
				<type type="string">Potion</type>
				<weight type="number">0.5</weight>
			</id-00003>
			<id-00004>
				<ac type="number">0</ac>
				<bonus type="number">0</bonus>
				<cost type="string">47 gp</cost>
				<description type="formattedtext">
					<h>Description</h>
					<p>When you drink this potion, you gain a climbing speed equal to your walking speed for 1 hour. During this time, you have advantage on Strength (Athletics) checks you make to climb. The potion is separated into brown, silver, and gray layers resembling bands of stone. Shaking the bottle fails to mix the colors.</p>
				</description>
				<isidentified type="number">1</isidentified>
				<istemplate type="number">0</istemplate>
				<locked type="number">1</locked>
				<name type="string">Potion of Climbing</name>
				<nonid_name type="string">Potion</nonid_name>
				<nonidentified type="string">The three liquids in this vial are separated into three layers colored brown, silver and gray respectively.</nonidentified>
				<properties type="string">Magic</properties>
				<rarity type="string">Common</rarity>
				<spells>
					<id-00001>
						<link type="windowreference">
							<class></class>
							<recordname></recordname>
						</link>
						<name type="string">Potion of Climbing</name>
					</id-00001>
					<id-00002>
						<link type="windowreference">
							<class></class>
							<recordname></recordname>
						</link>
						<name type="string">Potion</name>
					</id-00002>
				</spells>
				<type type="string">Potion</type>
				<weight type="number">0.5</weight>
			</id-00004>
			<id-00005>
				<ac type="number">0</ac>
				<bonus type="number">0</bonus>
				<cost type="string">13,899 gp</cost>
				<description type="formattedtext">
					<h>Description</h>
					<p>When you drink this potion, you gain a flying speed equal to your walking speed for 1 hour and can hover.</p>
					<p>If you're in the air when the potion wears off, you fall unless you have some other means of staying aloft. This potion's clear liquid floats at the top of its container and has cloudy white impurities drifting in it.</p>
				</description>
				<isidentified type="number">1</isidentified>
				<istemplate type="number">0</istemplate>
				<locked type="number">1</locked>
				<name type="string">Potion of Flying</name>
				<nonid_name type="string">Potion</nonid_name>
				<nonidentified type="string">The clear liquid which floats at the top of this vial has cloudy white impurities drifting in it.</nonidentified>
				<properties type="string">Magic</properties>
				<rarity type="string">Very Rare</rarity>
				<spells>
					<id-00001>
						<link type="windowreference">
							<class></class>
							<recordname></recordname>
						</link>
						<name type="string">Potion of Flying</name>
					</id-00001>
					<id-00002>
						<link type="windowreference">
							<class></class>
							<recordname></recordname>
						</link>
						<name type="string">Potion</name>
					</id-00002>
				</spells>
				<type type="string">Potion</type>
				<weight type="number">0.5</weight>
			</id-00005>
			<id-00006>
				<ac type="number">0</ac>
				<bonus type="number">0</bonus>
				<cost type="string">137 gp</cost>
				<description type="formattedtext">
					<h>Description</h>
					<linklist>
						<link class="reference_spell" recordname="reference.spelldata.enlarge_reduce@*">Spell: Enlarge/Reduce</link>
					</linklist>
					<p>When you drink this potion, you gain the &#34;enlarge&#34; effect of the <i>enlarge/reduce </i>spell for 1d4 hours (no concentration required). The red in the potion's liquid continuously expands from a tiny bead to color the clear liquid around it and then contracts. Shaking the bottlefails to interrupt this process.</p>
				</description>
				<isidentified type="number">1</isidentified>
				<istemplate type="number">0</istemplate>
				<locked type="number">1</locked>
				<name type="string">Potion of Growth</name>
				<nonid_name type="string">Potion</nonid_name>
				<nonidentified type="string">The red in the potion's liquid continuously expands from a tiny bead to color the clear liquid around it and then contracts.</nonidentified>
				<properties type="string">Magic</properties>
				<rarity type="string">Uncommon</rarity>
				<spells>
					<id-00001>
						<link type="windowreference">
							<class></class>
							<recordname></recordname>
						</link>
						<name type="string">Potion of Growth</name>
					</id-00001>
					<id-00002>
						<link type="windowreference">
							<class></class>
							<recordname></recordname>
						</link>
						<name type="string">Potion</name>
					</id-00002>
				</spells>
				<type type="string">Potion</type>
				<weight type="number">0.5</weight>
			</id-00006>
			<id-00007>
				<ac type="number">0</ac>
				<bonus type="number">0</bonus>
				<cost type="string">17,934 gp</cost>
				<description type="formattedtext">
					<h>Description</h>
					<p>This potion's container looks empty but feels as though it holds liquid. When you drink it, you become invisible for 1 hour. Anything you wear or carry is invisible with you. The effect ends early if you attack or cast a spell.</p>
				</description>
				<isidentified type="number">1</isidentified>
				<istemplate type="number">0</istemplate>
				<locked type="number">1</locked>
				<name type="string">Potion of Invisibility</name>
				<nonid_name type="string">Potion</nonid_name>
				<nonidentified type="string">This vial looks empty but feels like it holds liquid of some kind.</nonidentified>
				<properties type="string">Magic</properties>
				<rarity type="string">Very Rare</rarity>
				<spells>
					<id-00001>
						<link type="windowreference">
							<class></class>
							<recordname></recordname>
						</link>
						<name type="string">Potion of Invisibility</name>
					</id-00001>
					<id-00002>
						<link type="windowreference">
							<class></class>
							<recordname></recordname>
						</link>
						<name type="string">Potion</name>
					</id-00002>
				</spells>
				<type type="string">Potion</type>
				<weight type="number">0.5</weight>
			</id-00007>
			<id-00008>
				<ac type="number">0</ac>
				<bonus type="number">0</bonus>
				<cost type="string">255 gp</cost>
				<description type="formattedtext">
					<h>Description</h>
					<p>When you drink this potion, your Strength score changes to 21 for 1 hour. The potion has no effect on you if your Strength is equal to or greater than that score.</p>
					<p>This potion's transparent liquid has floating in it a sliver of fingernail from a Hill giant.</p>
				</description>
				<isidentified type="number">1</isidentified>
				<istemplate type="number">0</istemplate>
				<locked type="number">1</locked>
				<name type="string">Potion of Hill Giant Strength</name>
				<nonid_name type="string">Potion</nonid_name>
				<nonidentified type="string">A vial of transparent liquid which has a sliver of something floating it it.</nonidentified>
				<properties type="string">Magic</properties>
				<rarity type="string">Uncommon</rarity>
				<spells>
					<id-00001>
						<link type="windowreference">
							<class></class>
							<recordname></recordname>
						</link>
						<name type="string">Potion of Hill Giant Strength</name>
					</id-00001>
					<id-00002>
						<link type="windowreference">
							<class></class>
							<recordname></recordname>
						</link>
						<name type="string">Potion</name>
					</id-00002>
				</spells>
				<type type="string">Potion</type>
				<weight type="number">0.5</weight>
			</id-00008>
			<id-00009>
				<cost type="string">310 gp</cost>
				<description type="formattedtext">
					<h>Description</h>
					<p>While you wear these boots, your steps make no sound, regardless of the surface you are moving across. You also have advantage on Dexterity (Stealth) checks that rely on moving silently.</p>
				</description>
				<isidentified type="number">1</isidentified>
				<locked type="number">1</locked>
				<name type="string">Boots of Elvenkind</name>
				<nonid_name type="string">Boots</nonid_name>
				<nonidentified type="string">The finest leather has gone into the making of these superb boots. They are unmistakenly Elven in origin.</nonidentified>
				<properties type="string">Magic</properties>
				<rarity type="string">Uncommon</rarity>
				<spells>
					<id-00001>
						<link type="windowreference">
							<class></class>
							<recordname></recordname>
						</link>
						<name type="string">Boots of Elvenkind</name>
					</id-00001>
					<id-00002>
						<link type="windowreference">
							<class></class>
							<recordname></recordname>
						</link>
						<name type="string">Boots</name>
					</id-00002>
				</spells>
				<type type="string">Wondrous Item</type>
				<weight type="number">0.5</weight>
			</id-00009>
			<id-00010>
				<ac type="number">0</ac>
				<bonus type="number">1</bonus>
				<damage type="string">1d6 piercing</damage>
				<description type="formattedtext">
					<p></p>
				</description>
				<isidentified type="number">1</isidentified>
				<istemplate type="number">0</istemplate>
				<locked type="number">1</locked>
				<name type="string">+1 Longspear</name>
				<properties type="string">versatile (1d8), 10 ft. range</properties>
				<rarity type="string">Uncommon</rarity>
				<subtype type="string">Martial Melee Weapons</subtype>
				<type type="string">Weapon</type>
				<weight type="number">6</weight>
			</id-00010>
			<id-00011>
				<ac type="number">0</ac>
				<bonus type="number">0</bonus>
				<description type="formattedtext">
					<p></p>
				</description>
				<isidentified type="number">0</isidentified>
				<istemplate type="number">0</istemplate>
				<locked type="number">1</locked>
				<name type="string">Key From Warm Room</name>
				<type type="string">Key</type>
				<weight type="number">0</weight>
			</id-00011>
			<id-00012>
				<ac type="number">0</ac>
				<bonus type="number">0</bonus>
				<cost type="string">320 gp</cost>
				<description type="formattedtext">
					<h>Description</h>
					<p>This ring made of ice that thaws in any hot temperatures. If the ring is worn and kept within a cold environment it, you gain the following benefits:</p>
					<list>
						<li>You have resistance to cold damage.</li>
						<li>You ignore difficult terrain created by ice or snow.</li>
						<li>You can tolerate temperatures as low as -50 degrees Fahrenheit without any additional protection. If you wear heavy clothes, you can tolerate temperatures as low as -100 degrees Fahrenheit.</li>
					</list>
				</description>
				<isidentified type="number">1</isidentified>
				<istemplate type="number">0</istemplate>
				<locked type="number">1</locked>
				<name type="string">Ring of the Winterlands</name>
				<nonid_name type="string">Boots</nonid_name>
				<nonidentified type="string">Made of fine leather and lined with the softest of furs these knee length boots look very comfortable and warm.</nonidentified>
				<properties type="string">Magic</properties>
				<rarity type="string">Uncommon (Requires Attunement)</rarity>
				<spells>
					<id-00001>
						<link type="windowreference">
							<class></class>
							<recordname></recordname>
						</link>
						<name type="string">Boots of the Winterlands</name>
					</id-00001>
					<id-00002>
						<link type="windowreference">
							<class></class>
							<recordname></recordname>
						</link>
						<name type="string">Boots</name>
					</id-00002>
				</spells>
				<type type="string">Wondrous Item</type>
				<weight type="number">0.5</weight>
			</id-00012>
		</category>
	</item>
	<library>
		<md001buriedcouncilchambers static="true">
			<categoryname type="string">Mini Dungeons</categoryname>
			<name type="string">md001buriedcouncilchambers</name>
			<entries>
				<battle>
					<librarylink type="windowreference">
						<class>referenceindexsorted</class>
						<recordname>lists.battle@MD001 Buried Council Chambers</recordname>
					</librarylink>
					<name type="string">Encounters</name>
				</battle>
				<encounter>
					<librarylink type="windowreference">
						<class>referenceindexsorted</class>
						<recordname>lists.encounter@MD001 Buried Council Chambers</recordname>
					</librarylink>
					<name type="string">Story</name>
				</encounter>
				<imagewindow>
					<librarylink type="windowreference">
						<class>referenceindexsorted</class>
						<recordname>lists.imagewindow@MD001 Buried Council Chambers</recordname>
					</librarylink>
					<name type="string">Images &#38; Maps</name>
				</imagewindow>
				<item>
					<librarylink type="windowreference">
						<class>referenceindexsorted</class>
						<recordname>lists.item@MD001 Buried Council Chambers</recordname>
					</librarylink>
					<name type="string">Items</name>
				</item>
				<npc>
					<librarylink type="windowreference">
						<class>referenceindexsorted</class>
						<recordname>lists.npc@MD001 Buried Council Chambers</recordname>
					</librarylink>
					<name type="string">Personalities</name>
				</npc>
				<table>
					<librarylink type="windowreference">
						<class>referenceindexsorted</class>
						<recordname>lists.table@MD001 Buried Council Chambers</recordname>
					</librarylink>
					<name type="string">Tables</name>
				</table>
			</entries>
		</md001buriedcouncilchambers>
	</library>
	<lists>
		<battle>
			<name type="string">Encounters</name>
			<index>
				<id-00001>
					<listlink type="windowreference">
						<class>battle</class>
						<recordname>battle.id-00001@MD001 Buried Council Chambers</recordname>
					</listlink>
					<name type="string">3. Ghouls (east)</name>
				</id-00001>
				<id-00002>
					<listlink type="windowreference">
						<class>battle</class>
						<recordname>battle.id-00002@MD001 Buried Council Chambers</recordname>
					</listlink>
					<name type="string">3. Ghouls (west)</name>
				</id-00002>
				<id-00003>
					<listlink type="windowreference">
						<class>battle</class>
						<recordname>battle.id-00003@MD001 Buried Council Chambers</recordname>
					</listlink>
					<name type="string">4. Minotaurs (east)</name>
				</id-00003>
				<id-00004>
					<listlink type="windowreference">
						<class>battle</class>
						<recordname>battle.id-00004@MD001 Buried Council Chambers</recordname>
					</listlink>
					<name type="string">4. Minotaurs (west)</name>
				</id-00004>
			</index>
		</battle>
		<encounter>
			<name type="string">Story</name>
			<index>
				<id-00001>
					<listlink type="windowreference">
						<class>encounter</class>
						<recordname>encounter.id-00001@MD001 Buried Council Chambers</recordname>
					</listlink>
					<name type="string">(MD 001: Buried Council Chambers)</name>
				</id-00001>
				<id-00002>
					<listlink type="windowreference">
						<class>encounter</class>
						<recordname>encounter.id-00002@MD001 Buried Council Chambers</recordname>
					</listlink>
					<name type="string">1. Domed Chamber</name>
				</id-00002>
				<id-00003>
					<listlink type="windowreference">
						<class>encounter</class>
						<recordname>encounter.id-00003@MD001 Buried Council Chambers</recordname>
					</listlink>
					<name type="string">2. Secret Rooms</name>
				</id-00003>
				<id-00004>
					<listlink type="windowreference">
						<class>encounter</class>
						<recordname>encounter.id-00004@MD001 Buried Council Chambers</recordname>
					</listlink>
					<name type="string">3. Corners in the Hallway</name>
				</id-00004>
				<id-00005>
					<listlink type="windowreference">
						<class>encounter</class>
						<recordname>encounter.id-00005@MD001 Buried Council Chambers</recordname>
					</listlink>
					<name type="string">4. Guard Posts</name>
				</id-00005>
				<id-00006>
					<listlink type="windowreference">
						<class>encounter</class>
						<recordname>encounter.id-00006@MD001 Buried Council Chambers</recordname>
					</listlink>
					<name type="string">5. Fire Door</name>
				</id-00006>
				<id-00007>
					<listlink type="windowreference">
						<class>encounter</class>
						<recordname>encounter.id-00007@MD001 Buried Council Chambers</recordname>
					</listlink>
					<name type="string">6. Ice Door</name>
				</id-00007>
				<id-00008>
					<listlink type="windowreference">
						<class>encounter</class>
						<recordname>encounter.id-00008@MD001 Buried Council Chambers</recordname>
					</listlink>
					<name type="string">7. Warm Room</name>
				</id-00008>
				<id-00009>
					<listlink type="windowreference">
						<class>encounter</class>
						<recordname>encounter.id-00009@MD001 Buried Council Chambers</recordname>
					</listlink>
					<name type="string">8. Cold Room</name>
				</id-00009>
			</index>
		</encounter>
		<imagewindow>
			<name type="string">Images &#38; Maps</name>
			<index>
				<id-00001>
					<listlink type="windowreference">
						<class>imagewindow</class>
						<recordname>image.id-00001@MD001 Buried Council Chambers</recordname>
					</listlink>
					<name type="string">Cover</name>
				</id-00001>
				<id-00002>
					<listlink type="windowreference">
						<class>imagewindow</class>
						<recordname>image.id-00002@MD001 Buried Council Chambers</recordname>
					</listlink>
					<name type="string">Dungeon Map (Player)</name>
				</id-00002>
				<id-00002>
					<listlink type="windowreference">
						<class>imagewindow</class>
						<recordname>image.id-00003@MD001 Buried Council Chambers</recordname>
					</listlink>
					<name type="string">Dungeon Map (DM)</name>
				</id-00002>
			</index>
		</imagewindow>
		<item>
			<name type="string">Items</name>
			<index>
				<id-00001>
					<listlink type="windowreference">
						<class>item</class>
						<recordname>item.id-00001@MD001 Buried Council Chambers</recordname>
					</listlink>
					<name type="string">Potion of Healing</name>
				</id-00001>
				<id-00002>
					<listlink type="windowreference">
						<class>item</class>
						<recordname>item.id-00002@MD001 Buried Council Chambers</recordname>
					</listlink>
					<name type="string">Potion of Heroism</name>
				</id-00002>
				<id-00003>
					<listlink type="windowreference">
						<class>item</class>
						<recordname>item.id-00003@MD001 Buried Council Chambers</recordname>
					</listlink>
					<name type="string">Oil of Sharpness</name>
				</id-00003>
				<id-00004>
					<listlink type="windowreference">
						<class>item</class>
						<recordname>item.id-00004@MD001 Buried Council Chambers</recordname>
					</listlink>
					<name type="string">Potion of Climbing</name>
				</id-00004>
				<id-00005>
					<listlink type="windowreference">
						<class>item</class>
						<recordname>item.id-00005@MD001 Buried Council Chambers</recordname>
					</listlink>
					<name type="string">Potion of Flying</name>
				</id-00005>
				<id-00006>
					<listlink type="windowreference">
						<class>item</class>
						<recordname>item.id-00006@MD001 Buried Council Chambers</recordname>
					</listlink>
					<name type="string">Potion of Growth</name>
				</id-00006>
				<id-00007>
					<listlink type="windowreference">
						<class>item</class>
						<recordname>item.id-00007@MD001 Buried Council Chambers</recordname>
					</listlink>
					<name type="string">Potion of Invisibility</name>
				</id-00007>
				<id-00008>
					<listlink type="windowreference">
						<class>item</class>
						<recordname>item.id-00008@MD001 Buried Council Chambers</recordname>
					</listlink>
					<name type="string">Potion of Hill Giant Strength</name>
				</id-00008>
				<id-00009>
					<listlink type="windowreference">
						<class>item</class>
						<recordname>item.id-00009@MD001 Buried Council Chambers</recordname>
					</listlink>
					<name type="string">Boots of Elvenkind</name>
				</id-00009>
				<id-00010>
					<listlink type="windowreference">
						<class>item</class>
						<recordname>item.id-00010@MD001 Buried Council Chambers</recordname>
					</listlink>
					<name type="string">+1 Longspear</name>
				</id-00010>
				<id-00011>
					<listlink type="windowreference">
						<class>item</class>
						<recordname>item.id-00011@MD001 Buried Council Chambers</recordname>
					</listlink>
					<name type="string">Key From Warm Room</name>
				</id-00011>
				<id-00012>
					<listlink type="windowreference">
						<class>item</class>
						<recordname>item.id-00012@MD001 Buried Council Chambers</recordname>
					</listlink>
					<name type="string">Ring of the Winterlands</name>
				</id-00012>
			</index>
		</item>
		<npc>
			<name type="string">Personalities</name>
			<index>
				<id-00001>
					<listlink type="windowreference">
						<class>npc</class>
						<recordname>npc.id-00001@MD001 Buried Council Chambers</recordname>
					</listlink>
					<name type="string">Ghoul</name>
				</id-00001>
				<id-00002>
					<listlink type="windowreference">
						<class>npc</class>
						<recordname>npc.id-00002@MD001 Buried Council Chambers</recordname>
					</listlink>
					<name type="string">Minotaur Skeleton</name>
				</id-00002>
				<id-00003>
					<listlink type="windowreference">
						<class>npc</class>
						<recordname>npc.id-00003@MD001 Buried Council Chambers</recordname>
					</listlink>
					<name type="string">Minotaur Skeleton (longspear)</name>
				</id-00003>
			</index>
		</npc>
		<table>
			<name type="string">Tables</name>
			<index>
				<id-00001>
					<listlink type="windowreference">
						<class>table</class>
						<recordname>tables.id-00001@MD001 Buried Council Chambers</recordname>
					</listlink>
					<name type="string">Potion Table</name>
				</id-00001>
				<id-00002>
					<listlink type="windowreference">
						<class>table</class>
						<recordname>tables.id-00002@MD001 Buried Council Chambers</recordname>
					</listlink>
					<name type="string">Treasure in Area 3 (west)</name>
				</id-00002>
				<id-00003>
					<listlink type="windowreference">
						<class>table</class>
						<recordname>tables.id-00003@MD001 Buried Council Chambers</recordname>
					</listlink>
					<name type="string">Treasure in Area 3 (east)</name>
				</id-00003>
			</index>
		</table>
	</lists>
	<npc>
		<category name="" mergeid="" baseicon="8" decalicon="13">
			<id-00001>
				<abilities>
					<charisma>
						<bonus type="number">-2</bonus>
						<score type="number">6</score>
					</charisma>
					<constitution>
						<bonus type="number">0</bonus>
						<score type="number">10</score>
					</constitution>
					<dexterity>
						<bonus type="number">2</bonus>
						<score type="number">15</score>
					</dexterity>
					<intelligence>
						<bonus type="number">-2</bonus>
						<score type="number">7</score>
					</intelligence>
					<strength>
						<bonus type="number">1</bonus>
						<score type="number">13</score>
					</strength>
					<wisdom>
						<bonus type="number">0</bonus>
						<score type="number">10</score>
					</wisdom>
				</abilities>
				<ac type="number">12</ac>
				<actions>
					<id-00001>
						<desc type="string">Melee Weapon Attack: +2 to hit, reach 5 ft., one creature. Hit: 9 (2d6 + 2) piercing damage.</desc>
						<name type="string">Bite</name>
					</id-00001>
					<id-00002>
						<desc type="string">Melee Weapon Attack: +4 to hit, reach 5 ft., one target. Hit: 7 (2d4 + 2) slashing damage. If the target is a creature other than an elf or undead, it must succeed on a DC 10 Constitution saving throw or be paralyzed for 1 minute. The target can repeat the saving throw at the end of each of its turns, ending the effect on itself on a success.</desc>
						<name type="string">Claws</name>
					</id-00002>
				</actions>
				<alignment type="string">chaotic evil</alignment>
				<conditionimmunities type="string">charmed, exhaustion, poisoned</conditionimmunities>
				<cr type="string">1</cr>
				<damageimmunities type="string">poison</damageimmunities>
				<hd type="string">(5d8)</hd>
				<hp type="number">22</hp>
				<innatespells>
				</innatespells>
				<languages type="string">Common</languages>
				<legendaryactions>
				</legendaryactions>
				<locked type="number">1</locked>
				<name type="string">Ghoul</name>
				<reactions>
				</reactions>
				<senses type="string">darkvision 60 ft., passive Perception 10</senses>
				<size type="string">Medium</size>
				<speed type="string">30 ft.</speed>
				<spells>
				</spells>
				<text type="formattedtext">
				</text>
				<token type="token">tokens\ghoul.png@DD5E SRD Bestiary</token>
				<traits>
				</traits>
				<type type="string">undead</type>
				<xp type="number">200</xp>
			</id-00001>
			<id-00002>
				<abilities>
					<charisma>
						<bonus type="number">-3</bonus>
						<score type="number">5</score>
					</charisma>
					<constitution>
						<bonus type="number">2</bonus>
						<score type="number">15</score>
					</constitution>
					<dexterity>
						<bonus type="number">0</bonus>
						<score type="number">11</score>
					</dexterity>
					<intelligence>
						<bonus type="number">-2</bonus>
						<score type="number">6</score>
					</intelligence>
					<strength>
						<bonus type="number">4</bonus>
						<score type="number">18</score>
					</strength>
					<wisdom>
						<bonus type="number">-1</bonus>
						<score type="number">8</score>
					</wisdom>
				</abilities>
				<ac type="number">12</ac>
				<actext type="string">(natural armor)</actext>
				<actions>
					<id-00001>
						<desc type="string">Melee Weapon Attack: +6 to hit, reach 5 ft., one target. Hit: 17 (2d12 + 4) slashing damage.</desc>
						<name type="string">Greataxe</name>
					</id-00001>
					<id-00002>
						<desc type="string">Melee Weapon Attack: +6 to hit, reach 5 ft., one target. Hit: 13 (2d8 + 4) piercing damage.</desc>
						<name type="string">Gore</name>
					</id-00002>
				</actions>
				<alignment type="string">lawful evil</alignment>
				<conditionimmunities type="string">exhaustion, poisoned</conditionimmunities>
				<cr type="string">2</cr>
				<damageimmunities type="string">poison</damageimmunities>
				<damagevulnerabilities type="string">bludgeoning</damagevulnerabilities>
				<hd type="string">(9d10 + 18)</hd>
				<hp type="number">67</hp>
				<innatespells>
				</innatespells>
				<languages type="string">understands Abyssal but can't speak</languages>
				<legendaryactions>
				</legendaryactions>
				<locked type="number">1</locked>
				<name type="string">Minotaur Skeleton</name>
				<reactions>
				</reactions>
				<senses type="string">darkvision 60 ft., passive Perception 9</senses>
				<size type="string">Large</size>
				<speed type="string">40 ft.</speed>
				<spells>
				</spells>
				<text type="formattedtext">
				</text>
				<token type="token">tokens\M.png@DD5E SRD Bestiary</token>
				<traits>
					<id-00001>
						<desc type="string">If the skeleton moves at least 10 feet straight toward a target and then hits it with a gore attack on the same turn, the target takes an extra 9 (2d8) piercing damage. If the target is a creature, it must succeed on a DC 14 Strength saving throw or be pushed up to 10 feet away and knocked prone.</desc>
						<name type="string">Charge</name>
					</id-00001>
				</traits>
				<type type="string">undead</type>
				<xp type="number">450</xp>
			</id-00002>
			<id-00003>
				<abilities>
					<charisma>
						<bonus type="number">-3</bonus>
						<score type="number">5</score>
					</charisma>
					<constitution>
						<bonus type="number">2</bonus>
						<score type="number">15</score>
					</constitution>
					<dexterity>
						<bonus type="number">0</bonus>
						<score type="number">11</score>
					</dexterity>
					<intelligence>
						<bonus type="number">-2</bonus>
						<score type="number">6</score>
					</intelligence>
					<strength>
						<bonus type="number">4</bonus>
						<score type="number">18</score>
					</strength>
					<wisdom>
						<bonus type="number">-1</bonus>
						<score type="number">8</score>
					</wisdom>
				</abilities>
				<ac type="number">12</ac>
				<actext type="string">(natural armor)</actext>
				<actions>
					<id-00001>
						<desc type="string">Melee Weapon Attack: +7 to hit, reach 10 ft., one target. Hit: 14 (2d8 + 5) slashing damage.</desc>
						<name type="string">+1 Longspear</name>
					</id-00001>
					<id-00002>
						<desc type="string">Melee Weapon Attack: +6 to hit, reach 5 ft., one target. Hit: 13 (2d8 + 4) piercing damage.</desc>
						<name type="string">Gore</name>
					</id-00002>
				</actions>
				<alignment type="string">lawful evil</alignment>
				<conditionimmunities type="string">exhaustion, poisoned</conditionimmunities>
				<cr type="string">2</cr>
				<damageimmunities type="string">poison</damageimmunities>
				<damagevulnerabilities type="string">bludgeoning</damagevulnerabilities>
				<hd type="string">(9d10 + 18)</hd>
				<hp type="number">67</hp>
				<innatespells>
				</innatespells>
				<languages type="string">understands Abyssal but can't speak</languages>
				<legendaryactions>
				</legendaryactions>
				<locked type="number">1</locked>
				<name type="string">Minotaur Skeleton (longspear)</name>
				<reactions>
				</reactions>
				<senses type="string">darkvision 60 ft., passive Perception 9</senses>
				<size type="string">Large</size>
				<speed type="string">40 ft.</speed>
				<spells>
				</spells>
				<text type="formattedtext">
					<p></p>
				</text>
				<token type="token">tokens\M.png@DD5E SRD Bestiary</token>
				<traits>
					<id-00001>
						<desc type="string">If the skeleton moves at least 10 feet straight toward a target and then hits it with a gore attack on the same turn, the target takes an extra 9 (2d8) piercing damage. If the target is a creature, it must succeed on a DC 14 Strength saving throw or be pushed up to 10 feet away and knocked prone.</desc>
						<name type="string">Charge</name>
					</id-00001>
				</traits>
				<type type="string">undead</type>
				<xp type="number">450</xp>
			</id-00003>
		</category>
	</npc>
	<tables>
		<category name="" mergeid="" baseicon="8" decalicon="13">
			<id-00001>
				<dice type="dice"></dice>
				<hiderollresults type="number">0</hiderollresults>
				<labelcol1 type="string">Potion</labelcol1>
				<locked type="number">1</locked>
				<mod type="number">0</mod>
				<name type="string">Potion Table</name>
				<notes type="formattedtext">
				</notes>
				<output type="string">parcel</output>
				<resultscols type="number">1</resultscols>
				<table_positionoffset type="number">0</table_positionoffset>
				<tablerows>
					<id-00001>
						<fromrange type="number">1</fromrange>
						<results>
							<id-00001>
								<result type="string">Potion of Healing</result>
								<resultlink type="windowreference">
									<class>item</class>
									<recordname>item.id-00001</recordname>
								</resultlink>
							</id-00001>
						</results>
						<torange type="number">1</torange>
					</id-00001>
					<id-00002>
						<fromrange type="number">2</fromrange>
						<results>
							<id-00001>
								<result type="string">Potion of Heroism</result>
								<resultlink type="windowreference">
									<class>item</class>
									<recordname>item.id-00002</recordname>
								</resultlink>
							</id-00001>
						</results>
						<torange type="number">2</torange>
					</id-00002>
					<id-00003>
						<fromrange type="number">3</fromrange>
						<results>
							<id-00001>
								<result type="string">Oil of Sharpness</result>
								<resultlink type="windowreference">
									<class>item</class>
									<recordname>item.id-00003</recordname>
								</resultlink>
							</id-00001>
						</results>
						<torange type="number">3</torange>
					</id-00003>
					<id-00004>
						<fromrange type="number">4</fromrange>
						<results>
							<id-00001>
								<result type="string">Potion of Climbing</result>
								<resultlink type="windowreference">
									<class>item</class>
									<recordname>item.id-00004</recordname>
								</resultlink>
							</id-00001>
						</results>
						<torange type="number">4</torange>
					</id-00004>
					<id-00005>
						<fromrange type="number">5</fromrange>
						<results>
							<id-00001>
								<result type="string">Potion of Flying</result>
								<resultlink type="windowreference">
									<class>item</class>
									<recordname>item.id-00005</recordname>
								</resultlink>
							</id-00001>
						</results>
						<torange type="number">5</torange>
					</id-00005>
					<id-00006>
						<fromrange type="number">6</fromrange>
						<results>
							<id-00001>
								<result type="string">Potion of Growth</result>
								<resultlink type="windowreference">
									<class>item</class>
									<recordname>item.id-00006</recordname>
								</resultlink>
							</id-00001>
						</results>
						<torange type="number">6</torange>
					</id-00006>
					<id-00007>
						<fromrange type="number">7</fromrange>
						<results>
							<id-00001>
								<result type="string">Potion of Invisibility</result>
								<resultlink type="windowreference">
									<class>item</class>
									<recordname>item.id-00007</recordname>
								</resultlink>
							</id-00001>
						</results>
						<torange type="number">7</torange>
					</id-00007>
					<id-00008>
						<fromrange type="number">8</fromrange>
						<results>
							<id-00001>
								<result type="string">Potion of Hill Giant Strength</result>
								<resultlink type="windowreference">
									<class>item</class>
									<recordname>item.id-00008</recordname>
								</resultlink>
							</id-00001>
						</results>
						<torange type="number">8</torange>
					</id-00008>
				</tablerows>
			</id-00001>
			<id-00002>
				<dice type="dice"></dice>
				<hiderollresults type="number">0</hiderollresults>
				<labelcol1 type="string">CP</labelcol1>
				<labelcol2 type="string">SP</labelcol2>
				<labelcol3 type="string">GP</labelcol3>
				<locked type="number">1</locked>
				<mod type="number">0</mod>
				<name type="string">Treasure in Area 3 (west)</name>
				<notes type="formattedtext">
				</notes>
				<output type="string">parcel</output>
				<resultscols type="number">3</resultscols>
				<table_positionoffset type="number">0</table_positionoffset>
				<tablerows>
					<id-00001>
						<fromrange type="number">1</fromrange>
						<results>
							<id-00001>
								<result type="string">[28d4+28] CP</result>
								<resultlink type="windowreference">
									<class></class>
									<recordname></recordname>
								</resultlink>
							</id-00001>
							<id-00002>
								<result type="string">[14d4] SP</result>
								<resultlink type="windowreference">
									<class></class>
									<recordname></recordname>
								</resultlink>
							</id-00002>
							<id-00003>
								<result type="string">[7d4] GP</result>
								<resultlink type="windowreference">
									<class></class>
									<recordname></recordname>
								</resultlink>
							</id-00003>
						</results>
						<torange type="number">1</torange>
					</id-00001>
				</tablerows>
			</id-00002>
			<id-00003>
				<dice type="dice"></dice>
				<hiderollresults type="number">0</hiderollresults>
				<labelcol1 type="string">CP</labelcol1>
				<labelcol2 type="string">SP</labelcol2>
				<labelcol3 type="string">GP</labelcol3>
				<labelcol4 type="string">Stone</labelcol4>
				<locked type="number">1</locked>
				<mod type="number">0</mod>
				<name type="string">Treasure in Area 3 (east)</name>
				<notes type="formattedtext">
					<p></p>
				</notes>
				<output type="string">parcel</output>
				<resultscols type="number">4</resultscols>
				<table_positionoffset type="number">0</table_positionoffset>
				<tablerows>
					<id-00001>
						<fromrange type="number">1</fromrange>
						<results>
							<id-00001>
								<result type="string">[28d4+28] CP</result>
								<resultlink type="windowreference">
									<class></class>
									<recordname></recordname>
								</resultlink>
							</id-00001>
							<id-00002>
								<result type="string">[14d4] SP</result>
								<resultlink type="windowreference">
									<class></class>
									<recordname></recordname>
								</resultlink>
							</id-00002>
							<id-00003>
								<result type="string">[7d4] GP</result>
								<resultlink type="windowreference">
									<class></class>
									<recordname></recordname>
								</resultlink>
							</id-00003>
							<id-00004>
								<result type="string">pink rhomboid ioun stone</result>
								<resultlink type="windowreference">
									<class>reference_magicitem</class>
									<recordname>reference.magicrefitemdata.iounstone_fortitude_@DD5E SRD Magic Items</recordname>
								</resultlink>
							</id-00004>
						</results>
						<torange type="number">1</torange>
					</id-00001>
				</tablerows>
			</id-00003>
		</category>
	</tables>
</root>
